,id,name
0,id10001,A.J._Buckley
1,id10002,A.R._Rahman
2,id10003,Aamir_Khan
3,id10004,Aaron_Tveit
4,id10005,Aaron_Yoo
5,id10006,Abbie_Cornish
6,id10007,Abigail_Breslin
7,id10008,Abigail_Spencer
8,id10009,Adam_Beach
9,id10010,Adam_Brody
10,id10011,Adam_Copeland
11,id10012,Adam_Driver
12,id10013,Adrianne_Curry
13,id10014,Adrianne_Palicki
14,id10015,Agyness_Deyn
15,id10016,Aidan_Turner
16,id10017,Ajay_Devgn
17,id10018,Akshay_Kumar
18,id10019,Alain_Delon
19,id10020,Alan_Alda
20,id10021,Alan_Cumming
21,id10022,Alan_Rickman
22,id10023,Alan_Tudyk
23,id10024,Alba_Rohrwacher
24,id10025,Aldis_Hodge
25,id10026,Alex_Borstein
26,id10027,Alex_Kingston
27,id10028,Alex_Pettyfer
28,id10029,Alex_Trebek
29,id10030,Alexa_Davalos
30,id10031,Alexander_Siddig
31,id10032,Alexandra_Daddario
32,id10033,Alexandra_Roach
33,id10034,Alexz_Johnson
34,id10035,Alfre_Woodard
35,id10036,Alice_Eve
36,id10037,Alicja_Bachleda
37,id10038,Alison_Arngrim
38,id10039,Alison_Pill
39,id10040,Allison_Williams
40,id10041,Amanda_Seyfried
41,id10042,Amaury_Nolasco
42,id10043,Amber_Riley
43,id10044,America_Ferrera
44,id10045,Amitabh_Bachchan
45,id10046,Amy_Poehler
46,id10047,Amy_Schumer
47,id10048,Ana_Gasteyer
48,id10049,Andre_Braugher
49,id10050,Andrea_Riseborough
50,id10051,Andrew_Dice_Clay
51,id10052,Andrew_Garfield
52,id10053,Andrew_Lee_Potts
53,id10054,Andrew_Rannells
54,id10055,Andrew_Scott
55,id10056,Andy_Richter
56,id10057,Andy_Samberg
57,id10058,Aneurin_Barnard
58,id10059,Ang_Lee
59,id10060,Angela_Kinsey
60,id10061,Anne_Hathaway
61,id10062,Ansel_Elgort
62,id10063,Anthony_Anderson
63,id10064,Anthony_Mackie
64,id10065,Anthony_Rapp
65,id10066,Anton_Yelchin
66,id10067,Antonio_Cupo
67,id10068,Arden_Cho
68,id10069,Armand_Assante
69,id10070,Armie_Hammer
70,id10071,Asa_Butterfield
71,id10072,Ashley_Greene
72,id10073,Ashley_Jensen
73,id10074,Audra_McDonald
74,id10075,Audrina_Patridge
75,id10076,Avan_Jogia
76,id10077,B.J._Novak
77,id10078,Barbara_Eden
78,id10079,Barbara_Hershey
79,id10080,Bear_Grylls
80,id10081,Bellamy_Young
81,id10082,Ben_Feldman
82,id10083,Ben_McKenzie
83,id10084,Ben_Stiller
84,id10085,Ben_Whishaw
85,id10086,Beth_Grant
86,id10087,Bethany_Mota
87,id10088,Betty_White
88,id10089,Bill_Nighy
89,id10090,Bill_Pullman
90,id10091,Billie_Joe_Armstrong
91,id10092,Bingbing_Li
92,id10093,Blair_Underwood
93,id10094,Blake_Michael
94,id10095,Blake_Shelton
95,id10096,Bob_Barker
96,id10097,Bobby_Cannavale
97,id10098,Bonnie_Wright
98,id10099,Booboo_Stewart
99,id10100,Brad_Paisley
100,id10101,Bradley_Steven_Perry
101,id10102,Breckin_Meyer
102,id10103,Brenda_Blethyn
103,id10104,Brendan_Gleeson
104,id10105,Brett_Davern
105,id10106,Brian_Blessed
106,id10107,Brian_Cox
107,id10108,Brian_Dennehy
108,id10109,Bridget_Moynahan
109,id10110,Bridget_Regan
110,id10111,Brit_Marling
111,id10112,Brooke_Burke-Charvet
112,id10113,Bruce_Boxleitner
113,id10114,Bruno_Ganz
114,id10115,Bruno_Mars
115,id10116,Burt_Reynolds
116,id10117,CCH_Pounder
117,id10118,Caitriona_Balfe
118,id10119,Caity_Lotz
119,id10120,Callan_McAuliffe
120,id10121,Callie_Thorne
121,id10122,Cameron_Boyce
122,id10123,Candace_Cameron_Bure
123,id10124,Candice_Accola
124,id10125,Candice_Patton
125,id10126,Caroline_Rhea
126,id10127,Carolyn_Hennesy
127,id10128,Carrie_Ann_Inaba
128,id10129,Carrie_Fisher
129,id10130,Carrie_Underwood
130,id10131,Casey_Affleck
131,id10132,Casey_Wilson
132,id10133,Cassandra_Peterson
133,id10134,Caterina_Murino
134,id10135,Caterina_Scorsone
135,id10136,Catherine_Hardwicke
136,id10137,Cedric_the_Entertainer
137,id10138,Celia_Imrie
138,id10139,Chace_Crawford
139,id10140,Chadwick_Boseman
140,id10141,Charice
141,id10142,Charles_Dance
142,id10143,Charles_S._Dutton
143,id10144,Charlie_Day
144,id10145,Charlotte_Gainsbourg
145,id10146,Chazz_Palminteri
146,id10147,Chelsea_Handler
147,id10148,Cher
148,id10149,Cheryl_Ladd
149,id10150,Chi_McBride
150,id10151,Chiwetel_Ejiofor
151,id10152,Chloe_Bennet
152,id10153,Chloe_Dykstra
153,id10154,Chris_Colfer
154,id10155,Chris_Hemsworth
155,id10156,Chris_Lowell
156,id10157,Chris_Martin
157,id10158,Chris_Messina
158,id10159,Chris_Pine
159,id10160,Christian_Kane
160,id10161,Christina_Hendricks
161,id10162,Christina_Ricci
162,id10163,Christopher_Mintz-Plasse
163,id10164,Cierra_Ramirez
164,id10165,Cilla_Black
165,id10166,Cillian_Murphy
166,id10167,Cindy_Williams
167,id10168,Claudia_Black
168,id10169,Claudia_Lee
169,id10170,Cliff_Curtis
170,id10171,Clive_Owen
171,id10172,Colin_Donnell
172,id10173,Constance_Zimmer
173,id10174,Corbin_Bleu
174,id10175,Corey_Stoll
175,id10176,Cory_Monteith
176,id10177,Costas_Mandylor
177,id10178,Cote_de_Pablo
178,id10179,Cristin_Milioti
179,id10180,Cyndi_Lauper
180,id10181,Dakota_Fanning
181,id10182,Damian_Lewis
182,id10183,Damon_Lindelof
183,id10184,Damon_Wayans
184,id10185,Dan_Aykroyd
185,id10186,Dan_Fogler
186,id10187,Dan_Stevens
187,id10188,Dana_Delany
188,id10189,Dane_Cook
189,id10190,Danica_McKellar
190,id10191,Daniel_Auteuil
191,id10192,Daniel_Craig
192,id10193,Daniel_Dae_Kim
193,id10194,Daniel_Tosh
194,id10195,Danielle_Campbell
195,id10196,Danielle_Panabaker
196,id10197,Danny_Dyer
197,id10198,Danny_McBride
198,id10199,Danny_Pino
199,id10200,Darren_Criss
200,id10201,Dave_Bautista
201,id10202,Dave_Foley
202,id10203,David_Attenborough
203,id10204,David_Cassidy
204,id10205,David_Faustino
205,id10206,David_Giuntoli
206,id10207,David_Harewood
207,id10208,David_Henrie
208,id10209,David_Jason
209,id10210,David_Koechner
210,id10211,David_Kross
211,id10212,David_Letterman
212,id10213,David_Lyons
213,id10214,David_Mamet
214,id10215,David_Mazouz
215,id10216,David_Morrissey
216,id10217,David_Morse
217,id10218,David_Oyelowo
218,id10219,David_Schwimmer
219,id10220,David_Suchet
220,id10221,David_Tennant
221,id10222,David_Warner
222,id10223,David_Wenham
223,id10224,David_Zayas
224,id10225,Dawn_French
225,id10226,Dawn_Wells
226,id10227,Dean_Cain
227,id10228,Debi_Mazar
228,id10229,Debra_Jo_Rupp
229,id10230,Deidre_Hall
230,id10231,Della_Reese
231,id10232,Demian_Bichir
232,id10233,Denis_Leary
233,id10234,Denise_Crosby
234,id10235,Derek_Jacobi
235,id10236,Derek_Mears
236,id10237,Derek_Theler
237,id10238,Dermot_Mulroney
238,id10239,Diablo_Cody
239,id10240,Diane_Keaton
240,id10241,Diane_Kruger
241,id10242,Dick_Van_Dyke
242,id10243,Diego_Klattenhoff
243,id10244,Diego_Luna
244,id10245,Diogo_Morgado
245,id10246,Domhnall_Gleeson
246,id10247,Dominic_Cooper
247,id10248,Don_Rickles
248,id10249,Donal_Logue
249,id10250,Donald_Glover
250,id10251,Donald_Sutherland
251,id10252,Donna_Mills
252,id10253,Donna_Murphy
253,id10254,Donnie_Yen
254,id10255,Dot-Marie_Jones
255,id10256,Douglas_Booth
256,id10257,Dougray_Scott
257,id10258,Doutzen_Kroes
258,id10259,Dove_Cameron
259,id10260,Dr._Dre
260,id10261,Drake_Bell
261,id10262,Drea_de_Matteo
262,id10263,Dreama_Walker
263,id10264,Drew_Carey
264,id10265,Drew_Roy
265,id10266,Dustin_Milligan
266,id10267,Dyan_Cannon
267,id10268,Dylan_McDermott
268,id10269,Dylan_Moran
269,id10270,Eartha_Kitt
270,id10271,Ed_Westwick
271,id10272,Eddie_Griffin
272,id10273,Eddie_Izzard
273,id10274,Eddie_Kaye_Thomas
274,id10275,Eddie_McClintock
275,id10276,Edgar_Wright
276,id10277,Eduardo_Noriega
277,id10278,Edward_Asner
278,id10279,Efren_Ramirez
279,id10280,Elaine_Cassidy
280,id10281,Elaine_Hendrix
281,id10282,Eleanor_Tomlinson
282,id10283,Eli_Roth
283,id10284,Eli_Wallach
284,id10285,Elisabeth_Moss
285,id10286,Elle_Fanning
286,id10287,Ellen_Burstyn
287,id10288,Ellen_Wong
288,id10289,Elodie_Yung
289,id10290,Emile_Hirsch
290,id10291,Emily_Atack
291,id10292,Emraan_Hashmi
292,id10293,Eoin_Macken
293,id10294,Eric_Braeden
294,id10295,Eric_Dane
295,id10296,Eric_McCormack
296,id10297,Eric_Roberts
297,id10298,Erik_Estrada
298,id10299,Erin_Andrews
299,id10300,Ernest_Borgnine
300,id10301,Ernie_Hudson
301,id10302,Esai_Morales
302,id10303,Estelle_Harris
303,id10304,Eugene_Levy
304,id10305,Eugenio_Derbez
305,id10306,Eva_Green
306,id10307,Eva_Longoria
307,id10308,Evanna_Lynch
308,id10309,Ezra_Miller
309,id10310,Fanny_Ardant
310,id10311,Farrah_Abraham
311,id10312,Fawad_Khan
312,id10313,Felicia_Day
313,id10314,Felicity_Jones
314,id10315,Fergie
315,id10316,Finola_Hughes
316,id10317,Fiona_Shaw
317,id10318,Florence_Henderson
318,id10319,Forest_Whitaker
319,id10320,Francia_Raisa
320,id10321,Fred_Williamson
321,id10322,Freddie_Highmore
322,id10323,Freema_Agyeman
323,id10324,Freida_Pinto
324,id10325,Garrett_Hedlund
325,id10326,Garry_Marshall
326,id10327,Gary_Busey
327,id10328,Gaspard_Ulliel
328,id10329,Gates_McFadden
329,id10330,Geena_Davis
330,id10331,Gemma_Arterton
331,id10332,Gemma_Atkinson
332,id10333,Geri_Halliwell
333,id10334,Gilles_Marini
334,id10335,Gillian_Jacobs
335,id10336,Gina_Carano
336,id10337,Ginger_Rogers
337,id10338,Ginnifer_Goodwin
338,id10339,Giovanni_Ribisi
339,id10340,Giuliana_Rancic
340,id10341,Glen_Hansard
341,id10342,Glenn_Close
342,id10343,Gloria_Steinem
343,id10344,Golshifteh_Farahani
344,id10345,Goran_Visnjic
345,id10346,Gordon_Ramsay
346,id10347,Grant_Bowler
347,id10348,Greer_Garson
348,id10349,Greg_Finley
349,id10350,Greg_Grunberg
350,id10351,Gregg_Sulkin
351,id10352,Greta_Gerwig
352,id10353,Gugu_Mbatha-Raw
353,id10354,Guillaume_Canet
354,id10355,Guy_Pearce
355,id10356,Gwendoline_Christie
356,id10357,Hailee_Steinfeld
357,id10358,Hal_Sparks
358,id10359,Hannah_Simone
359,id10360,Hannah_Spearritt
360,id10361,Hans_Zimmer
361,id10362,Harry_Connick_Jr.
362,id10363,Harry_Shum_Jr.
363,id10364,Harry_Treadaway
364,id10365,Harvey_Keitel
365,id10366,Hayley_Marie_Norman
366,id10367,Heather_Graham
367,id10368,Hector_Elizondo
368,id10369,Heidi_Montag
369,id10370,Heike_Makatsch
370,id10371,Helena_Bonham_Carter
371,id10372,Henry_Cavill
372,id10373,Hilarie_Burton
373,id10374,Hilary_Swank
374,id10375,Hill_Harper
375,id10376,Holliday_Grainger
376,id10377,Hope_Solo
377,id10378,Howie_Mandel
378,id10379,Hugh_Bonneville
379,id10380,Hugh_Dancy
380,id10381,Hugh_Jackman
381,id10382,Hugh_Laurie
382,id10383,Hunter_Parrish
383,id10384,Hye-kyo_Song
384,id10385,Iain_Glen
385,id10386,Ian_Somerhalder
386,id10387,Idina_Menzel
387,id10388,Imelda_Staunton
388,id10389,India_de_Beaufort
389,id10390,Indira_Varma
390,id10391,Ingrid_Bergman
391,id10392,Irina_Shayk
392,id10393,Irrfan_Khan
393,id10394,Isla_Fisher
394,id10395,Iwan_Rheon
395,id10396,Izabella_Scorupco
396,id10397,J.J._Abrams
397,id10398,J.K._Simmons
398,id10399,Jack_Black
399,id10400,Jack_Coleman
400,id10401,Jack_Davenport
401,id10402,Jack_Griffo
402,id10403,Jack_Lemmon
403,id10404,Jack_Reynor
404,id10405,Jack_Whitehall
405,id10406,Jacob_Latimore
406,id10407,Jacqueline_Emerson
407,id10408,Jacqueline_Fernandez
408,id10409,Jacqueline_MacInnes_Wood
409,id10410,Jai_Courtney
410,id10411,Jaime_Winstone
411,id10412,Jake_Abel
412,id10413,Jake_Johnson
413,id10414,Jake_T._Austin
414,id10415,Jamel_Debbouze
415,id10416,James_Badge_Dale
416,id10417,James_Cosmo
417,id10418,James_Cromwell
418,id10419,James_Earl_Jones
419,id10420,James_Frain
420,id10421,James_Lafferty
421,id10422,James_Lipton
422,id10423,James_Marsden
423,id10424,James_Maslow
424,id10425,James_Nesbitt
425,id10426,James_Purefoy
426,id10427,James_Roday
427,id10428,James_Woods
428,id10429,Jamie-Lynn_Sigler
429,id10430,Jamie_Chung
430,id10431,Jamie_Foxx
431,id10432,Jana_Kramer
432,id10433,Jane_Badler
433,id10434,Janeane_Garofalo
434,id10435,Janel_Parrish
435,id10436,Janet_Jackson
436,id10437,Janet_McTeer
437,id10438,Janet_Montgomery
438,id10439,Janice_Dickinson
439,id10440,Janina_Gavankar
440,id10441,Janine_Turner
441,id10442,January_Jones
442,id10443,Jared_Harris
443,id10444,Jared_Leto
444,id10445,Jasika_Nicole
445,id10446,Jasmine_Guy
446,id10447,Jason_Bateman
447,id10448,Jason_Clarke
448,id10449,Jason_David_Frank
449,id10450,Jason_Dohring
450,id10451,Jason_Earles
451,id10452,Jason_Mantzoukas
452,id10453,Jason_Segel
453,id10454,Jay_Baruchel
454,id10455,Jean-Marc_Barr
455,id10456,Jean-Paul_Belmondo
456,id10457,Jean_Reno
457,id10458,Jean_Smart
458,id10459,Jeanine_Mason
459,id10460,Jeannie_Mai
460,id10461,Jeff_Daniels
461,id10462,Jeff_Garlin
462,id10463,Jeff_Goldblum
463,id10464,Jeffrey_Donovan
464,id10465,Jeffrey_Tambor
465,id10466,Jeffrey_Wright
466,id10467,Jemaine_Clement
467,id10468,Jen_Lilley
468,id10469,Jenifer_Lewis
469,id10470,Jenna_Coleman
470,id10471,Jenna_Fischer
471,id10472,Jennette_McCurdy
472,id10473,Jennifer_Beals
473,id10474,Jennifer_Carpenter
474,id10475,Jennifer_Coolidge
475,id10476,Jennifer_Ehle
476,id10477,Jennifer_Esposito
477,id10478,Jennifer_Saunders
478,id10479,Jenny_Slate
479,id10480,Jensen_Ackles
480,id10481,Jeremy_Clarkson
481,id10482,Jeremy_Irons
482,id10483,Jeremy_Irvine
483,id10484,Jeremy_Piven
484,id10485,Jeremy_Renner
485,id10486,Jeremy_Shada
486,id10487,Jeremy_Sisto
487,id10488,Jerry_Ferrara
488,id10489,Jerry_Trainor
489,id10490,Jesse_Eisenberg
490,id10491,Jesse_McCartney
491,id10492,Jesse_Metcalfe
492,id10493,Jesse_Spencer
493,id10494,Jesse_Williams
494,id10495,Jessica_De_Gouw
495,id10496,Jessica_Lowndes
496,id10497,Jessie_J
497,id10498,Jet_Li
498,id10499,Jill_Scott
499,id10500,Jillian_Harris
500,id10501,Jillian_Michaels
501,id10502,Jim_Broadbent
502,id10503,Jim_Caviezel
503,id10504,Jim_Jefferies
504,id10505,Jim_Sturgess
505,id10506,Jimmy_Fallon
506,id10507,Joan_Allen
507,id10508,Joan_Chen
508,id10509,Joan_Cusack
509,id10510,Joan_Rivers
510,id10511,Joanna_Krupa
511,id10512,Joanna_Lumley
512,id10513,Joanne_Froggatt
513,id10514,Joaquim_de_Almeida
514,id10515,Joe_Flanigan
515,id10516,Joel_Edgerton
516,id10517,Joel_Kinnaman
517,id10518,Joel_McHale
518,id10519,John_Abraham
519,id10520,John_Amos
520,id10521,John_Barrowman
521,id10522,John_Carroll_Lynch
522,id10523,John_Cho
523,id10524,John_Cleese
524,id10525,John_Corbett
525,id10526,John_DiMaggio
526,id10527,John_Francis_Daley
527,id10528,John_Gallagher_Jr.
528,id10529,John_Goodman
529,id10530,John_Hawkes
530,id10531,John_Hodgman
531,id10532,John_Hurt
532,id10533,John_Krasinski
533,id10534,John_Larroquette
534,id10535,John_Lasseter
535,id10536,John_Lloyd_Young
536,id10537,John_Mulaney
537,id10538,John_Nettles
538,id10539,John_Noble
539,id10540,John_Oliver
540,id10541,John_Rhys-Davies
541,id10542,John_Simm
542,id10543,John_Slattery
543,id10544,John_Terry
544,id10545,John_Turturro
545,id10546,Johnathon_Schaech
546,id10547,Johnny_Galecki
547,id10548,Jon_Favreau
548,id10549,Jon_Huertas
549,id10550,Jon_Lovitz
550,id10551,Jon_Pertwee
551,id10552,Jon_Seda
552,id10553,Jonathan_Jackson
553,id10554,Jonathan_Rhys_Meyers
554,id10555,Jordan_Gavaris
555,id10556,Jordana_Brewster
556,id10557,Jordin_Sparks
557,id10558,Jorge_Garcia
558,id10559,Jorja_Fox
559,id10560,Joseph_Gordon-Levitt
560,id10561,Josh_Brolin
561,id10562,Josh_Duhamel
562,id10563,Josh_Gad
563,id10564,Josh_Groban
564,id10565,Josh_Henderson
565,id10566,Josh_Peck
566,id10567,Josh_Radnor
567,id10568,Joss_Stone
568,id10569,Joss_Whedon
569,id10570,Judith_Light
570,id10571,Judy_Sheindlin
571,id10572,Julia_Louis-Dreyfus
572,id10573,Julia_Roberts
573,id10574,Julia_Stiles
574,id10575,Julian_Sands
575,id10576,Julianne_Hough
576,id10577,Julianne_Nicholson
577,id10578,Julie_Chen
578,id10579,Julie_Gonzalo
579,id10580,Julie_Walters
580,id10581,Justine_Ezarik
581,id10582,Kal_Penn
582,id10583,Kangana_Ranaut
583,id10584,Karan_Brar
584,id10585,Karl_Malden
585,id10586,Karla_Souza
586,id10587,Karoline_Herfurth
587,id10588,Kat_Dennings
588,id10589,Kate_Beckinsale
589,id10590,Kate_Flannery
590,id10591,Kate_Mansi
591,id10592,Kate_Mara
592,id10593,Kate_McKinnon
593,id10594,Kate_Mulgrew
594,id10595,Kate_Voegele
595,id10596,Kate_Walsh
596,id10597,Katee_Sackhoff
597,id10598,Katey_Sagal
598,id10599,Katharine_McPhee
599,id10600,Katherine_Heigl
600,id10601,Katherine_Jenkins
601,id10602,Katherine_McNamara
602,id10603,Katheryn_Winnick
603,id10604,Kathie_Lee_Gifford
604,id10605,Kathleen_Robertson
605,id10606,Kathryn_Hahn
606,id10607,Kathryn_Joosten
607,id10608,Kathryn_McCormick
608,id10609,Kathryn_Prescott
609,id10610,Kathy_Griffin
610,id10611,Katie_Aselton
611,id10612,Katie_Cleary
612,id10613,Katie_Leclerc
613,id10614,Katie_Stevens
614,id10615,Katy_Perry
615,id10616,Kaya_Scodelario
616,id10617,Kayvan_Novak
617,id10618,Keegan_Allen
618,id10619,Keegan_Connor_Tracy
619,id10620,Keeley_Hawes
620,id10621,Kel_Mitchell
621,id10622,Kellan_Lutz
622,id10623,Kelli_Berglund
623,id10624,Kelli_Giddish
624,id10625,Kelli_Williams
625,id10626,Kelly_Brook
626,id10627,Kelly_Macdonald
627,id10628,Kelly_Monaco
628,id10629,Kelly_Reilly
629,id10630,Kelly_Rutherford
630,id10631,Ken_Jeong
631,id10632,Ken_Marino
632,id10633,Kenan_Thompson
633,id10634,Kendra_Wilkinson
634,id10635,Kenny_Rogers
635,id10636,Kenton_Duty
636,id10637,Kenya_Moore
637,id10638,Keri_Hilson
638,id10639,Keri_Russell
639,id10640,Kesha
640,id10641,Kevin_Bacon
641,id10642,Kevin_Clash
642,id10643,Kevin_McHale
643,id10644,Kevin_Smith
644,id10645,Kid_Rock
645,id10646,Kiefer_Sutherland
646,id10647,Kiernan_Shipka
647,id10648,Kierston_Wareing
648,id10649,Kim_Raver
649,id10650,Kim_Zolciak-Biermann
650,id10651,Kimberly_Elise
651,id10652,Kimberly_Williams-Paisley
652,id10653,Kirsten_Vangsness
653,id10654,Kodi_Smit-McPhee
654,id10655,Kris_Jenner
655,id10656,Kristen_Bell
656,id10657,Kristen_Johnston
657,id10658,Kristen_Schaal
658,id10659,Kristen_Stewart
659,id10660,Kristen_Wiig
660,id10661,Kristian_Alfonso
661,id10662,Kriti_Sanon
662,id10663,Kuno_Becker
663,id10664,Kyle_MacLachlan
664,id10665,Kyle_Richards
665,id10666,Kylie_Minogue
666,id10667,Kym_Whitley
667,id10668,La_La_Anthony
668,id10669,Lacey_Turner
669,id10670,Laura_Benanti
670,id10671,Laura_Carmichael
671,id10672,Laura_Dern
672,id10673,Laura_Haddock
673,id10674,Lauryn_Hill
674,id10675,Lavell_Crawford
675,id10676,Laverne_Cox
676,id10677,Laz_Alonso
677,id10678,Lea_Michele
678,id10679,Lea_Salonga
679,id10680,Lea_Thompson
680,id10681,Lena_Horne
681,id10682,Leonor_Watling
682,id10683,Lesley_Manville
683,id10684,Leslie_Bibb
684,id10685,Leslie_Mann
685,id10686,Lily_Cole
686,id10687,Lily_Collins
687,id10688,Lin_Shaye
688,id10689,Linda_Cardellini
689,id10690,Linda_Evans
690,id10691,Linda_Gray
691,id10692,Linda_Lavin
692,id10693,Lindsay_Duncan
693,id10694,Lindsey_Morgan
694,id10695,Lisa_Edelstein
695,id10696,Lisa_Kudrow
696,id10697,Lisa_Ray
697,id10698,Lisa_Rinna
698,id10699,Lisa_Whelchel
699,id10700,Lizzy_Caplan
700,id10701,Loan_Chabanol
701,id10702,Lolo_Jones
702,id10703,Lorde
703,id10704,Lorenza_Izzo
704,id10705,Loretta_Devine
705,id10706,Loretta_Swit
706,id10707,Lotte_Verbeek
707,id10708,Lou_Diamond_Phillips
708,id10709,Lou_Ferrigno
709,id10710,Louis_C.K.
710,id10711,Louis_Theroux
711,id10712,Luc_Besson
712,id10713,Lucas_Cruikshank
713,id10714,Lucas_Grabeel
714,id10715,Lucie_Arnaz
715,id10716,Lucy_Hale
716,id10717,Lucy_Punch
717,id10718,Ludacris
718,id10719,Luke_Arnold
719,id10720,Luke_Evans
720,id10721,Luke_Newberry
721,id10722,Maggie_Gyllenhaal
722,id10723,Malin_Akerman
723,id10724,Mallika_Sherawat
724,id10725,Mamie_Gummer
725,id10726,Mandy_Patinkin
726,id10727,Manish_Dayal
727,id10728,Marc_Blucas
728,id10729,Marc_Forster
729,id10730,Marc_Webb
730,id10731,Marcia_Cross
731,id10732,Marcia_Gay_Harden
732,id10733,Margo_Martindale
733,id10734,Margot_Robbie
734,id10735,Maria_Bamford
735,id10736,Maria_Canals-Barrera
736,id10737,Maria_Grazia_Cucinotta
737,id10738,Maria_Menounos
738,id10739,Maria_Sharapova
739,id10740,Maria_de_Medeiros
740,id10741,Marie_Avgeropoulos
741,id10742,Marie_Osmond
742,id10743,Mariel_Hemingway
743,id10744,Marilu_Henner
744,id10745,Mario_Casas
745,id10746,Mario_Lopez
746,id10747,Marion_Cotillard
747,id10748,Marion_Ross
748,id10749,Marisa_Miller
749,id10750,Mark_Feuerstein
750,id10751,Mark_Gatiss
751,id10752,Mark_Hamill
752,id10753,Mark_Harmon
753,id10754,Mark_Ruffalo
754,id10755,Mark_Sheppard
755,id10756,Mark_Strong
756,id10757,Mark_Webber
757,id10758,Marla_Gibbs
758,id10759,Martin_Clunes
759,id10760,Martin_Henderson
760,id10761,Martin_Kove
761,id10762,Martin_Shaw
762,id10763,Martine_McCutcheon
763,id10764,Mary-Louise_Parker
764,id10765,Mary_Elizabeth_Winstead
765,id10766,Mary_Lynn_Rajskub
766,id10767,Mary_McDonnell
767,id10768,Mathieu_Amalric
768,id10769,Mathieu_Kassovitz
769,id10770,Mathilda_May
770,id10771,Matt_Bomer
771,id10772,Matt_Dallas
772,id10773,Matt_Lanter
773,id10774,Matt_Smith
774,id10775,Matthew_Fox
775,id10776,Matthew_Goode
776,id10777,Matthew_Lillard
777,id10778,Matthew_Macfadyen
778,id10779,Matthew_Modine
779,id10780,Matthew_Morrison
780,id10781,Max_Adler
781,id10782,Max_Irons
782,id10783,Max_Schneider
783,id10784,Max_Thieriot
784,id10785,Maya_Rudolph
785,id10786,Meat_Loaf
786,id10787,Megan_Fox
787,id10788,Meghan_Trainor
788,id10789,Melissa_George
789,id10790,Melissa_Leo
790,id10791,Melissa_McCarthy
791,id10792,Melissa_Peterman
792,id10793,Melissa_Rauch
793,id10794,Melissa_Rycroft
794,id10795,Melody_Thomas_Scott
795,id10796,Melora_Hardin
796,id10797,Mena_Suvari
797,id10798,Meredith_Baxter
798,id10799,Mia_Wasikowska
799,id10800,Michael_Bay
800,id10801,Michael_C._Hall
801,id10802,Michael_Cera
802,id10803,Michael_Copon
803,id10804,Michael_Crichton
804,id10805,Michael_Cudlitz
805,id10806,Michael_Jai_White
806,id10807,Michael_K._Williams
807,id10808,Michael_Kelly
808,id10809,Michael_Madsen
809,id10810,Michael_Mando
810,id10811,Michael_Muhney
811,id10812,Michael_Shannon
812,id10813,Michael_Socha
813,id10814,Michael_Trevino
814,id10815,Michael_Weatherly
815,id10816,Michaela_Conlin
816,id10817,Michelle_Dockery
817,id10818,Michelle_Keegan
818,id10819,Michelle_Krusiec
819,id10820,Michelle_Monaghan
820,id10821,Michelle_Stafford
821,id10822,Michelle_Williams
822,id10823,Mila_Kunis
823,id10824,Miles_Teller
824,id10825,Miley_Cyrus
825,id10826,Milla_Jovovich
826,id10827,Mindy_Kaling
827,id10828,Mira_Furlan
828,id10829,Miranda_Cosgrove
829,id10830,Miranda_Hart
830,id10831,Miranda_Kerr
831,id10832,Miranda_Lambert
832,id10833,Miranda_Richardson
833,id10834,Miriam_Margolyes
834,id10835,Mischa_Barton
835,id10836,Misha_Collins
836,id10837,Missi_Pyle
837,id10838,Mitchel_Musso
838,id10839,Molly_Ringwald
839,id10840,Molly_Shannon
840,id10841,Monica_Raymund
841,id10842,Moon_Bloodgood
842,id10843,Moran_Atias
843,id10844,Morena_Baccarin
844,id10845,Moritz_Bleibtreu
845,id10846,MyAnna_Buring
846,id10847,Mya
847,id10848,Nadia_Bjorlin
848,id10849,Nana_Visitor
849,id10850,Nancy_Cartwright
850,id10851,Naomie_Harris
851,id10852,Naseeruddin_Shah
852,id10853,Natalia_Tena
853,id10854,Natalie_Dormer
854,id10855,Natalie_Martinez
855,id10856,Natalie_Portman
856,id10857,Natalie_Zea
857,id10858,Natascha_McElhone
858,id10859,Nate_Parker
859,id10860,Nathalie_Emmanuel
860,id10861,Nathan_Fillion
861,id10862,Nathaniel_Buzolic
862,id10863,Naturi_Naughton
863,id10864,Nazanin_Boniadi
864,id10865,NeNe_Leakes
865,id10866,Neal_McDonough
866,id10867,Neil_Gaiman
867,id10868,Neil_deGrasse_Tyson
868,id10869,Nelly
869,id10870,Nelly_Furtado
870,id10871,Neve_Campbell
871,id10872,Niall_Horan
872,id10873,Nichelle_Nichols
873,id10874,Nick_Kroll
874,id10875,Nick_Thune
875,id10876,Nicki_Minaj
876,id10877,Nicola_Peltz
877,id10878,Nicole_Beharie
878,id10879,Nicole_Richie
879,id10880,Nicole_Scherzinger
880,id10881,Nikolaj_Coster-Waldau
881,id10882,Nina_Arianda
882,id10883,Nina_Hoss
883,id10884,Noah_Emmerich
884,id10885,Noel_Clarke
885,id10886,Noel_Fielding
886,id10887,Noomi_Rapace
887,id10888,Norman_Reedus
888,id10889,Octavia_Spencer
889,id10890,Odette_Annable
890,id10891,Odeya_Rush
891,id10892,Olga_Kurylenko
892,id10893,Oliver_Platt
893,id10894,Olivia_Colman
894,id10895,Olivia_Cooke
895,id10896,Olivia_Holt
896,id10897,Olivia_Munn
897,id10898,Olivia_Thirlby
898,id10899,Olivia_Wilde
899,id10900,Olivia_Williams
900,id10901,Om_Puri
901,id10902,Omari_Hardwick
902,id10903,Oona_Chaplin
903,id10904,Oscar_Isaac
904,id10905,Pablo_Schreiber
905,id10906,Paddy_Considine
906,id10907,Padma_Lakshmi
907,id10908,Paget_Brewster
908,id10909,Paloma_Faith
909,id10910,Pamela_Adlon
910,id10911,Paolo_Sorrentino
911,id10912,Parineeti_Chopra
912,id10913,Pat_Monahan
913,id10914,Patrick_Dempsey
914,id10915,Patrick_Duffy
915,id10916,Patrick_Fugit
916,id10917,Patrick_Swayze
917,id10918,Patrick_Wilson
918,id10919,Patton_Oswalt
919,id10920,Paul_Dano
920,id10921,Paul_Feig
921,id10922,Paul_Giamatti
922,id10923,Paul_Gross
923,id10924,Paul_McGann
924,id10925,Paul_Reubens
925,id10926,Paul_Scheer
926,id10927,Paul_Sorvino
927,id10928,Paul_Wesley
928,id10929,Penn_Jillette
929,id10930,Pete_Wentz
930,id10931,Peter_Berg
931,id10932,Peter_Capaldi
932,id10933,Peter_Coyote
933,id10934,Peter_Facinelli
934,id10935,Peter_Jackson
935,id10936,Peter_Jacobson
936,id10937,Philip_Glenister
937,id10938,Phyllis_Diller
938,id10939,Pierfrancesco_Favino
939,id10940,Pierre_Niney
940,id10941,Pooja_Kumar
941,id10942,Poppy_Montgomery
942,id10943,Preity_Zinta
943,id10944,Prince
944,id10945,Quentin_Tarantino
945,id10946,RZA
946,id10947,Rachel_Dratch
947,id10948,Rachel_McAdams
948,id10949,Rade_Serbedzija
949,id10950,Raini_Rodriguez
950,id10951,Rainn_Wilson
951,id10952,Ralf_Little
952,id10953,Ralph_Macchio
953,id10954,Rami_Malek
954,id10955,Ranbir_Kapoor
955,id10956,Randeep_Hooda
956,id10957,Randolph_Mantooth
957,id10958,Raoul_Bova
958,id10959,Ray_Winstone
959,id10960,Reba_McEntire
960,id10961,Rebecca_Mader
961,id10962,Rebel_Wilson
962,id10963,Reece_Ritchie
963,id10964,Reggie_Lee
964,id10965,Regina_Hall
965,id10966,Reid_Scott
966,id10967,Rene_Auberjonois
967,id10968,Retta
968,id10969,Rhys_Darby
969,id10970,Rhys_Ifans
970,id10971,Richard_Ayoade
971,id10972,Richard_Dean_Anderson
972,id10973,Richard_E._Grant
973,id10974,Richard_Hammond
974,id10975,Richard_Kind
975,id10976,Richard_Madden
976,id10977,Ricky_Gervais
977,id10978,Rico_Rodriguez
978,id10979,Rik_Mayall
979,id10980,Riley_Smith
980,id10981,Rita_Ora
981,id10982,Riz_Ahmed
982,id10983,Rob_Brydon
983,id10984,Rob_Corddry
984,id10985,Rob_Dyrdek
985,id10986,Rob_Reiner
986,id10987,Rob_Riggle
987,id10988,Robbie_Amell
988,id10989,Robbie_Kay
989,id10990,Robert_Carlyle
990,id10991,Robert_Davi
991,id10992,Robert_Pattinson
992,id10993,Robert_Picardo
993,id10994,Robert_Sheehan
994,id10995,Robert_Vaughn
995,id10996,Roger_Ebert
996,id10997,Roma_Downey
997,id10998,Romeo_Miller
998,id10999,Ron_Jeremy
999,id11000,Ron_Livingston
1000,id11001,Ron_Perlman
1001,id11002,Ronda_Rousey
1002,id11003,Rooney_Mara
1003,id11004,Rory_Kennedy
1004,id11005,Rose_McIver
1005,id11006,Roshon_Fegan
1006,id11007,Rosie_Huntington-Whiteley
1007,id11008,Rowan_Atkinson
1008,id11009,Ruby_Dee
1009,id11010,Rue_McClanahan
1010,id11011,Russell_Peters
1011,id11012,Russell_Tovey
1012,id11013,Ruta_Lee
1013,id11014,Rutger_Hauer
1014,id11015,Ruth_Jones
1015,id11016,Ruth_Wilson
1016,id11017,Ryan_Kwanten
1017,id11018,Ryan_McPartlin
1018,id11019,Ryan_Ochoa
1019,id11020,Ryan_Phillippe
1020,id11021,Ryan_Potter
1021,id11022,S._Epatha_Merkerson
1022,id11023,Sally_Hawkins
1023,id11024,Sam_Heughan
1024,id11025,Sam_Neill
1025,id11026,Sam_Palladio
1026,id11027,Sam_Raimi
1027,id11028,Sam_Riley
1028,id11029,Sam_Trammell
1029,id11030,Sam_Waterston
1030,id11031,Sam_Worthington
1031,id11032,Samantha_Barks
1032,id11033,Samira_Wiley
1033,id11034,Sammi_Hanratty
1034,id11035,Sammy_Davis_Jr.
1035,id11036,Samuel_L._Jackson
1036,id11037,Sanaa_Lathan
1037,id11038,Sandra_Bernhard
1038,id11039,Sandra_Oh
1039,id11040,Santiago_Cabrera
1040,id11041,Sara_Gilbert
1041,id11042,Sara_Ramirez
1042,id11043,Sarah_Bolger
1043,id11044,Sarah_Drew
1044,id11045,Sarah_Gadon
1045,id11046,Sarah_Hyland
1046,id11047,Sarah_Palin
1047,id11048,Sarah_Paulson
1048,id11049,Sarah_Wayne_Callies
1049,id11050,Sasha_Pieterse
1050,id11051,Scott_Bakula
1051,id11052,Scott_Porter
1052,id11053,Scott_Speedman
1053,id11054,Sean_Bean
1054,id11055,Sean_Connery
1055,id11056,Sean_Kanan
1056,id11057,Sean_Maher
1057,id11058,Sean_Patrick_Flanery
1058,id11059,Sean_Pertwee
1059,id11060,Seann_William_Scott
1060,id11061,Sebastian_De_Souza
1061,id11062,Sela_Ward
1062,id11063,Selma_Blair
1063,id11064,Sendhil_Ramamurthy
1064,id11065,Senta_Berger
1065,id11066,Serinda_Swan
1066,id11067,Seth_Green
1067,id11068,Seth_MacFarlane
1068,id11069,Seth_Meyers
1069,id11070,Seth_Rogen
1070,id11071,Shahid_Kapoor
1071,id11072,Shailene_Woodley
1072,id11073,Shane_West
1073,id11074,Shannen_Doherty
1074,id11075,Sharlto_Copley
1075,id11076,Sharni_Vinson
1076,id11077,Sharon_Gless
1077,id11078,Shay_Mitchell
1078,id11079,Shemar_Moore
1079,id11080,Sheridan_Smith
1080,id11081,Sherri_Saum
1081,id11082,Sherri_Shepherd
1082,id11083,Sheryl_Lee_Ralph
1083,id11084,Shiloh_Fernandez
1084,id11085,Shiri_Appleby
1085,id11086,Shirley_Manson
1086,id11087,Shohreh_Aghdashloo
1087,id11088,Shonda_Rhimes
1088,id11089,Shraddha_Kapoor
1089,id11090,Sidharth_Malhotra
1090,id11091,Sidse_Babett_Knudsen
1091,id11092,Sienna_Guillory
1092,id11093,Silas_Weir_Mitchell
1093,id11094,Simon_Baker
1094,id11095,Simon_Callow
1095,id11096,Simon_Pegg
1096,id11097,Skylar_Astin
1097,id11098,Smokey_Robinson
1098,id11099,Sofia_Coppola
1099,id11100,Sonam_Kapoor
1100,id11101,Sonja_Sohn
1101,id11102,Sophie_Okonedo
1102,id11103,Spencer_Boldman
1103,id11104,Stacy_Keach
1104,id11105,Stan_Lee
1105,id11106,Stana_Katic
1106,id11107,Stanley_Tucci
1107,id11108,Stefanie_Powers
1108,id11109,Stephen_Baldwin
1109,id11110,Stephen_Colbert
1110,id11111,Stephen_Fry
1111,id11112,Stephen_Lang
1112,id11113,Stephen_Mangan
1113,id11114,Stephen_Merchant
1114,id11115,Sterling_Knight
1115,id11116,Steve_Burton
1116,id11117,Steve_Carell
1117,id11118,Steve_Harvey
1118,id11119,Steve_Jobs
1119,id11120,Steve_Martin
1120,id11121,Steven_Bauer
1121,id11122,Steven_Berkoff
1122,id11123,Steven_Moffat
1123,id11124,Steven_R._McQueen
1124,id11125,Steven_Soderbergh
1125,id11126,Steven_Yeun
1126,id11127,Stevie_Wonder
1127,id11128,Sung_Kang
1128,id11129,Sunny_Leone
1129,id11130,Suraj_Sharma
1130,id11131,Susan_Lucci
1131,id11132,Susanne_Bier
1132,id11133,Suzanne_Pleshette
1133,id11134,Sydney_Pollack
1134,id11135,T.J._Miller
1135,id11136,Tabu
1136,id11137,Tahj_Mowry
1137,id11138,Tahmoh_Penikett
1138,id11139,Tamala_Jones
1139,id11140,Tamara_Taylor
1140,id11141,Tamara_Tunie
1141,id11142,Tamer_Hassan
1142,id11143,Tamera_Mowry-Housley
1143,id11144,Tamsin_Greig
1144,id11145,Tanya_Tate
1145,id11146,Taraji_P._Henson
1146,id11147,Taryn_Manning
1147,id11148,Tatiana_Maslany
1148,id11149,Tatyana_Ali
1149,id11150,Tavi_Gevinson
1150,id11151,Taylor_Kitsch
1151,id11152,Taylor_Lautner
1152,id11153,Taylor_Momsen
1153,id11154,Taylor_Swift
1154,id11155,Teala_Dunn
1155,id11156,Ted_Danson
1156,id11157,Terence_Stamp
1157,id11158,Teri_Hatcher
1158,id11159,Terrence_Howard
1159,id11160,Thandie_Newton
1160,id11161,Theo_James
1161,id11162,Theo_Rossi
1162,id11163,Thomas_Dekker
1163,id11164,Thomas_Gibson
1164,id11165,Thomas_Haden_Church
1165,id11166,Thomas_Ian_Nicholas
1166,id11167,Thomas_Jane
1167,id11168,Thomas_Lennon
1168,id11169,Tilda_Swinton
1169,id11170,Tim_Burton
1170,id11171,Tim_Daly
1171,id11172,Tim_Gunn
1172,id11173,Tim_Minchin
1173,id11174,Timothy_Spall
1174,id11175,Tinsel_Korey
1175,id11176,Titus_Welliver
1176,id11177,Toby_Jones
1177,id11178,Toby_Stephens
1178,id11179,Todd_Lasance
1179,id11180,Tom_Arnold
1180,id11181,Tom_Bergeron
1181,id11182,Tom_Ford
1182,id11183,Tom_Hiddleston
1183,id11184,Tom_Hooper
1184,id11185,Tom_Kenny
1185,id11186,Tom_Mison
1186,id11187,Tom_Selleck
1187,id11188,Tony_Curran
1188,id11189,Tracey_Gold
1189,id11190,Tracy_Morgan
1190,id11191,Tristan_Wilds
1191,id11192,Troye_Sivan
1192,id11193,Tupac_Shakur
1193,id11194,Ty_Pennington
1194,id11195,Tye_Sheridan
1195,id11196,Tyler_Blackburn
1196,id11197,Tyler_Hoechlin
1197,id11198,Tyler_James_Williams
1198,id11199,Usher_Raymond
1199,id11200,Uzo_Aduba
1200,id11201,Vanessa_Hudgens
1201,id11202,Vanessa_Lachey
1202,id11203,Vanessa_Marcil
1203,id11204,Vanilla_Ice
1204,id11205,Veronica_Ferres
1205,id11206,Vicky_McClure
1206,id11207,Victoria_Justice
1207,id11208,Victoria_Rowell
1208,id11209,Vidya_Balan
1209,id11210,Viggo_Mortensen
1210,id11211,Vince_Gilligan
1211,id11212,Vincent_Cassel
1212,id11213,Vincent_Martella
1213,id11214,Vincent_Pastore
1214,id11215,Violante_Placido
1215,id11216,Virginia_Madsen
1216,id11217,Walter_Matthau
1217,id11218,Walton_Goggins
1218,id11219,Wanda_Sykes
1219,id11220,Wendell_Pierce
1220,id11221,Wendi_McLendon-Covey
1221,id11222,Wendy_Williams
1222,id11223,Wentworth_Miller
1223,id11224,Wes_Bentley
1224,id11225,Wesley_Snipes
1225,id11226,Whitney_Cummings
1226,id11227,Will_Arnett
1227,id11228,Will_Forte
1228,id11229,Will_Mellor
1229,id11230,Will_Poulter
1230,id11231,Will_Yun_Lee
1231,id11232,Willem_Dafoe
1232,id11233,William_Baldwin
1233,id11234,William_Fichtner
1234,id11235,William_Levy
1235,id11236,Wilson_Cruz
1236,id11237,Wim_Wenders
1237,id11238,Witney_Carson
1238,id11239,Woody_Harrelson
1239,id11240,Xavier_Samuel
1240,id11241,Yeardley_Smith
1241,id11242,Yvette_Nicole_Brown
1242,id11243,Zac_Efron
1243,id11244,Zach_Braff
1244,id11245,Zach_Galifianakis
1245,id11246,Zachary_Gordon
1246,id11247,Zachary_Levi
1247,id11248,Zachary_Quinto
1248,id11249,Zack_Snyder
1249,id11250,Zoe_Saldana
1250,id11251,Zulay_Henao
